{"cameraMode":{"drawMode":0,"name":"Shaded","section":"Shading Mode"},"sceneLighting":true,"audioPlay":false,"sceneViewState":{"m_AlwaysRefresh":false,"showFog":true,"showSkybox":true,"showFlares":true,"showImageEffects":true,"showParticleSystems":true,"showVisualEffectGraphs":true,"m_FxEnabled":true},"in2DMode":false,"pivot":{"x":-0.26629120111465456,"y":-0.2742156982421875,"z":-0.3561581075191498},"rotation":{"x":-0.18540847301483155,"y":0.3217698037624359,"z":-0.06440883129835129,"w":-0.926250696182251},"size":1.1785410642623902,"orthographic":false}